tr99@yahoo.com
tr250bg@ibmmail.com
tr250cc@ibmmail.com
tr250hb2@ibmmail.com
tr250yac@ibmmail.com
tr2us@aol.com
trabelsi@ug.bcc.bilkent.edu.tr
trabul@ibm.net
trabzon@aktif.com
trabzon@crescent.mta.gov.tr
trabzon@mtabim
trabzonac@rocketmail.com
trabzonsporlu_kayra@yahoo.com
tracealtin@yahoo.com
traci@atl.mindspring.com
traci@atl.mindspring.com 
tracyann@medconnect.com
tracybob@aol.com
trade@earthling.net
trade@lists.raksnet.com.tr
trade@superonline.com
tradeland@earthlink.net
trademark@turk.net
trademix@mailexcite.com
tradenet@ix.netcom.com
traderkev@starting-point.com
trading_ship_scrap@mailcity.com
TRAFIK-L@vm.ege.edu.tr
trafo@rocketmail.com
trafvak@dialup.ankara.edu.tr
trafvak@pallas.dialup.ankara.edu.tr
train05@wmit.vic.edu.au
trainer_hakan@yahoo.com
training@bilkent.edu.tr
training4@iwwn.com.na
trajanus@antnet.net.tr
trakh@hotmail.com
trakigt@aol.com
trakya@kalkan.tetm.tubitak.gov.tr
trakya@yahoo.com
trakyabil@hotmail.com
trakyac@superonline.com
trakya-e@servis.net.tr
trakyali@aol.com
tramltd@yahoo.com
trana@kean.edu
tranavm.bitnet@vm.ege.edu.tr
tranavm@.bitnet
TRANAVM@PUCC.PRINCETON.EDU
tranhy@boun.edu.tr
trans.courier.ca@mailexcite.com
trans@msr.com-net
transalfa@sim.net.tr
transcribe@aol.com
transdil@akbank.net.tr
transdil@hotmail.com
transdil@turk.net
transei@yahoo.com
transglobal@mailcity.com
translator@cybergal.com
transorient@yahoo.com
transpl@dialup.ankara.edu.tr
transpla@medicine2.ankara.edu.tr
transque@ix.netcom.com
transtel@ionet.net
transtr@online.ru
tranzis@mailcity.com
trapeze@yahoo.com
trapson@yahoo.com
tratauni.bitnet@listserv.gmd.de
tratauni.bitnet@trearnpc.ege.edu.tr
tratauni.bitnet@vm.ege.edu.tr
tratauni@.bitnet
tratauni@vm.eg
TRATAUNI@vm.ege.edu.tr
tratauni@vm3090.ege.edu.tr
traugott@munin.ub2.lu.se
traum_e@mailexcite.com
Travadji@ic.bashedu.ru
travel4cash@iop.com
traveler@southwind.net
traveler@svpal.org
traveleron@aol.com
TRAVEL-L@vm.ege.edu.tr
traveller07@yahoo.com
travellers@metu.edu.tr
travelmdia@aol.com
travis@evtech.com
travis_dass@rocketmail.com
travis@yahoo.com
travis7777@yahoo.com
travisevil@aol.com
travlav@travlav.com
travlib@aol.com
trax@eudoramail.com
traylig@t.acs.ncsu.edu
trb@gofast.net
trbanyan-l@bimel.com.tr
trbilun.bitnet@clemson.clemson.edu
trbilun.bitnet@forsythe.stanford.edu
trbilun.bitnet@pucc.princeton.edu
trbilun.bitnet@relay.eu.net
trbilun.bitnet@vm.ege.edu.tr
trbnokta-o@servis2.net.tr
trbobvkf@verisoft.com.tr
trboun.bitnet@auvm.american.edu
trboun.bitnet@frmop.cnusc.fr
trboun.bitnet@pucc.princeton.edu
trboun.bitnet@vm.ege.edu.tr
trcisco-l@bimel.com.tr
trckms@ceramics.ssangyong.co.kr
trcun@trerun
trcuniv.bitnet@trearnpc.ege.edu.tr
trcuniv.bitnet@vm.ege.edu.tr
trcuniv.bitnet@vm.gmd.de
trcuniv.bitnet@vm3090.ege.edu.tr
trd@o.bitnet
trdeu.bitnet@vm3090.ege.edu.tr
trdho.bitnet@vm438.ce.yildiz.edu.tr
trdicle@vm.ege.edu.tr
trdicle@vm3090.ege.edu.tr
trdogan@aol.com
trds@online.no
tre_cool8@yahoo.com
TREARN.BITNET@AUVM.AMERICAN.EDU
TREARN.BITNET@BROWNVM.brown.edu
TREARN.bitnet@CUNYVM.CUNY.EDU
trearn.bitnet@irlearn.ucd.ie
TREARN.BITNET@listserv.gmd.de
TREARN.bitnet@plearn.edu.pl
TREARN.BITNET@SEGATE.SUNET.SE
trearn.bitnet@slacvm.slac.stanford.edu
trearn.bitnet@trearnpc.ege.edu.tr
TREARN.BITNET@UBVM.cc.buffalo.edu
TREARN.BITNET@uga.cc.uga.edu
trearn.bitnet@vm.ege.edu.tr
trearn.bitnet@vm.gmd.de
TREARN.BITNET@VM.ITS.RPI.EDU
trearn.bitnet@vm.marist.edu
trearn.bitnet@vm.nodak.edu
trearn.bitnet@vtbit.cc.vt.edu
trearnp@.ege.edu.tr
trearnpc@.ege.edu.tr   
treasury@demiryatirim.com.tr
trebor@slip.net
tree@wirehub.nl
treese@openmarket.com
treib@mpi-fg-koeln.mpg.de
treib@pluto.mpi-fg-koeln.mpg.de
treichel@hydrogeo.univ-poitiers.fr
treicmimarlik@superonline.com
treis@geocities.com
trekdog@gnn.com
trekmuhasebe@fornet.net.tr
trektur@superonline.com
tremaine@ix.netcom.com
tremblay_michel@tandem.com
trend@medyatext.com
trend@medyatext.com 
trendscouts@mailexcite.com
trent@sirius.cs.pdx.edu
trepp@erols.com
trersoz@hotmail.com
trerunvm.bitnet@vm.ege.edu.tr
trevino.attorney@usa.net
trevino@mailcity.com
trevino_attorney@hotmail.com
trevord@viking.urica.co.za
trexrox@aol.com
trfirat.bitnet@trearnpc.ege.edu.tr
trfirat.bitnet@vm.ege.edu.tr
trfirat.bitnet@vtbit.cc.vt.edu
trfirat@bitnet
trfirat@vm.ege.edu.tr
trgantep.bitnet@vm.gmd.de
trgt@mailcity.com
trgyozkan@yahoo.com
trh@aimnet.aimnet.com
trh@aimnet.com
trh@com.sns.jack
trh@netcom.com
trh@ukc.ac.uk
tri_web@newsmaster.tgc.com
tribalerdo@yahoo.com
tribe@surfsouth.com
tribiahn@wias-berlin.de
tribros@khi.fascom.com
tricast@eudoramail.com
trickle@trearn
trickster3874@yahoo.com
trider@meaddata.com
trikomet@yahoo.com
Trilogy.tur@worldnet.att.net
trimeks@dut.com.tr
trinisugar@rocketmail.com
trinita@mailcity.com
trinity@md2.vsnl.net.it
trinne@library.berkeley.edu
trio.bbs@bbs.cis.nctu.edu.tw
tripathi@cs.unc.edu
tripleint@mailcity.com
triplus@publishnet.nl
tripod@rocketmail.com
tripod2@rocketmail.com
tripod3@rocketmail.com
tripod4@rocketmail.com
tripod5@rocketmail.com
tripod6@rocketmail.com
tripod7@rocketmail.com
tripod8@rocketmail.com
tripodbank@rocketmail.com
trish@swsmail.atlanta.com
trisnam@yahoo.com
tristan@mecklermedia.com
tristan@turk.net
tristan_n@hotmail.com
tritonbooks@yahoo.com
tritu.bitnet@vm.ege.edu.tr
tritu.bitnet@vtbit.cc.vt.edu
triuvm.bitnet@idbsu.idbsu.edu
triuvm.bitnet@trearnpc.ege.edu.tr
triuvm.bitnet@vm.ege.edu.tr
triuvm@vm.ege.edu.tr
triuvm@vm3090.ege.edu.tr
trivedi@bohr.uchicago.edu
trivedi@curie.uchicago.edu
trivedi@weyl.uchicago.edu
trivedi@yukawa.uchicago.edu
trivizk@ibm.net
trixter90@yahoo.com
trixxee@hotmail.com
triyte.bitnet@trearnpc.ege.edu.tr
triyte.bitnet@vm.ege.edu.tr
triyte@vm.ege.edu.tr
trka@troi.cc.rochester.edu
trka@uordbv.bitnet
trka@uordbvbitnet
trkelcn@public.bta.net.cn
trkmen@mailcity.com
trkoutlk@microsoft.com
trlan-l@bimel.com.tr
tr-ldp@metu.edu.tr
trleon@hotmail.com
tr-love@usa.net
trmale@rocketmail.com
trmale@rocketmail.com
trmark@ibm.net
trmarunv.bitnet@vm.ege.edu.tr
trmess@ibm.net
trmess@ibmnet.com
trmetal@tr-net.net.tr
trmetu.bitnet@pucc.princeton.edu
trmetu.bitnet@relay.eu.net
trmuhabbet@mailcity.com
trnado@yahoo.com
tr-net@metu.edu.tr
trnet-ssk@metu.edu.tr
tr-netyk@metu.edu.tr
trntc@hotmail.com
trnt-l@bimel.com.tr
tro@ping.com
tro2836@scully.tamu.edu
trobb@ksuics.kyoto-su.ac.jp
troberts@mit.edu
troby@carl.org
trojan@horse.troy.com
trompeter.mert@rocketmail.com
tromuni@vm.ege.edu.tr
tron@apple.com
tron@free.efes.net.tr
tron@lyssa.owl.de
tronicman@yahoo.com
tronjj@hotmail.com
troooperr@hotmail.com
tropang_e@mailcity.com
tropang_engineer@mailcity.com
tropangengineer@mailcity.com
tropiano@memex.it
tropix@rocketmail.com
trouf@yesic.com
troy@ra.isisnet.com
troya@superonl
troya@superonline.com
troyan@macc.wisc.edu
troybull@ix.netcom.com
troyproducts@yahoo.com
troytr@aol.com
trozzy@mailcity.com
trries@concentric.net
trs@engr20.engr.uark.edu
trsasmaz@future.net.tr
trt@narwhal.cc.metu.edu.tr
trt@turnet.net.tr
trtari-o@servis2.net.tr
trtbim@bilkent.edu.tr
TRTCHRIS@aol.com
trtrot@rocketmail.com
trtufan@rocketmail.com
trubuced@gamebox.net
truckeeboy@yahoo.com
trueco-web@mailcity.com
truet@msn.com
trugur@mailcity.com
trukzob@hotmail.com
trum.peter@usa.net
trusa@usa.net
truthf@aol.com
truug@mercan.cmpe.boun.edu.tr
truug-ankara@metu.edu.tr
truva@future.net.tr
truva@hotmail.com
truva@rocketmail.com
truvacom@yahoo.com
trwan-l@bimel.com.tr
trwarsi@mailcity.com
trykbla@ibmmail.com
trykbpc@ibmmail.com
tryldz02.bitnet@cc.itu.edu.tr
trystro!kaya@think.com
trythis@money.com
trz5@vm.baum.anadolu.edu.tr
ts.itu.edu.tr
ts@chyde.uwasa.fi
TS@QGZ.65F3EQ
ts@uwasa.fi
ts02-k@servis.net.tr
ts03@wumpus.its.uow.edu.au
ts079@rocketmail.com
ts0@pmms.cam.ac.uk
ts980@yahoo.com
ts94852@gubim.bim.gantep.edu.tr
tsadak@prizma.net.tr
tsadis@ku.edu.tr
tsaffet@hotmail.com
tsaglam@rocketmail.com
tsaglik@hardgs.mis.eurocontrol.be
tsahin@bilkent.edu.tr
tsahin@chat.carleton.ca
tsakarya@gw.ihlas.com.tr
tsakin@prizma.net.tr
tsaltas@atlas.net.tr
tsaltik@hotmail.com
tsanalan@dpt.gov.tr
tsancar@ku.edu.tr
tsandalci@hotmail.com
tsanlik@rocketmail.com
tsapanci@bornova.ege.edu.tr
tsara_ilyas@yahoo.com
tsarac2@hotmail.com
tsarah@mcrel.org
tsarah@mcrel.org 
tsarchofitu@yahoo.com
tsardan@hotmail.com
tsargas@yahoo.com
tsariaslan@mailcity.com
tsaricay@hotmail.com
tsarici@comnet.spu.ac.th
tsarikaya@rocketmail.com
tsarisoy@hotmail.com
tsasak_96@yahoo.com
tsatakan@dominet.in.com.tr
tsatakan@dominet.in.p
tsavas@diaup.ankara.edu.tr
tsavas@pallas.dialup.ankara.edu.tr
tsay@sirius.gazi.edu.tr
tsayin@pallas.dialup.ankara.edu.tr
TSC-BD@me.umn.edu
tschoban@siam.org
tscmk@rocketmail.com
tscott@gwe.net
tscz99e@prodigy.com
tsdept@agt.net
tsdpatchwork@mailcity.com
tseben@mfa.gov.tr
tsecimoz@yahoo.com
tseda@logic.com.tr
tsekmen@service.raksnet.com.tr
tselcuk@rocketmail.com
tselcuk@usa.net
tselcuk@yahoo.com
tselim@bilkent.edu.tr
tselim@scg-corp.com
tselin@superonline.com
tsemerci@asena.cc.marun.edu.tr
tsems@marun.edu.tr
tsen@ee.unr.edu
tsen@mailcity.com
tsencan@rocketmail.com
tsenem@bilkent.edu.tr
tsener@harbiye.kho.edu.tr.
tseng.4@osu.edu
tseng@math.washington.edu
tsengun@hotmail.com
tsenol@cc.gazi.edu.tr
tsensahin@superonline.com
tsensurucu@mailexcite.com
tsenturk@marshallboya.com
tsenturk@mku.edu.tr
tserap@sirius.gazi.edu.tr
tseray@planet.com.tr
tserdar@turk.net
tserezli@superonline.com
tserpil@rocketmail.com
tserv@cs.bilkent.edu.tr
tsever@sirius.gazi.edu.tr
tsevil@rocketmail.com
tsevim@anet.net.tr
tsevimli@hotmail.com
tsevinc@superonline.com
tsezen@earthlink.net
tsezin@ug.bcc.bilkent.edu.tr
tsg.tsg@lnn.com
tsg-approve@metu.edu.tr
tsg-oper@metu.edu.tr
tsg-sys@metu.edu.tr
tsguney@presidency.com
tshafiq@biruni.erum.com.pk
tshea@netcom.com
tshnur@mars.informika.ru
tsiddiou@cc.curtin.edu.au
tsiddiqu@cc.curtin.edu.au
tsiddique@mailexcite.com
tside@turk.net
tsiflokhus@geocities.com
tsims@sprynet.com
tsimsek@ankara.edu.tr
tsimsek@hotmail.com
tsinan@hotmail.com
tsireli@veterinary.ankara.edu.tr
tsirt@superonline.com
tskowron@sprynet.com
tskv@uni-paderborn.de
tsmith@ku.edu.tr
tsnet@turksped.com.tr
tsnew@apsedoff.bitnet
tso0-k@servis.net.tr
tsof@ihlas.net.tr
tsoglan@aol.com
Tsogutma@hotmail.com
tsolak@triax.com
tsolen@hotmail.com
tsongur@yahoo.com
tsonmez@bilkent.edu.tr
tsonmez@econ.lsa.umich.edu
tsonmez@kimyon.bcc.bilkent.edu.tr
tsonmez@ku.edu.tr
tsonmez@umich.edu
tsoome@kadri.eenet.ee
tsoydal@yahoo.com
tsoylu@veterinary.ankara.edu.tr
tsoysal@marun.edu.tr
tspklein@hotmail.com
tspnr@rorqual.cc.metu.edu.tr
tspybm@ibm.net
tss@hickory.net
tssl@carol.net
tssoi@sbs.de
tstanley@leland.stanford.edu
tstemp@daci.com
tstid@netvision.net.il
tstumer@ccs.ucy.ac.cy
tsu.bitnet@vm.ege.edu.tr
tsuchiya@sun32.ism.ac.jp
tsuiyuefei@mailexcite.com
tsujii@ccl.umist.ac.uk
tsukru@ug.bcc.bilkent.edu.tr
tsumer@pol.net
tsumer2@aol.com
tsunar@ku.edu.tr
tsuruel@hotmail.com
tsutomu@ariel.sdsc.edu
tsutomu-ikuma@msn.com
tswadmin@crl.com
tswertan@netca.com
tswong@sains.com.my
tt@aidata.com.tr
tt@doruk.com.tr
tt@lidya.ato.org.tr
tt@tratauni
tt@tratauni.bitnet
tt@wowmail.com
tt0@hotmail.com
ttabak@ug.bcc.bilkent.edu.tr
ttabi@crystal.cirrus.com
ttahmaz@yahoo.com
ttahseen@hektorlssec.bt.co.uk
ttahsin@rocketmail.com
ttajx@turnet.net.tr
ttalas@mailcity.com
ttalip@cc.gazi.edu.tr
ttalip@hotmail.com
ttalip@sirius.gazi.edu.tr
ttamara@yahoo.com
ttamer@ug.bcc.bilkent.edu.tr
ttanacan@aol.com
TTanacan@Aol.com
ttaner@yahoo.com
ttanguler@xlrn.ucsb.edu
ttanil@service.raksnet.com.tr
ttanin@statestreet.com
ttankir@bmgtmail.umd.edu
ttanyol@marun.edu.tr
ttaralp@yahoo.com
ttaskiran@mailcity.com
ttaskiran@yahoo.com
ttavrasya@yahoo.com
ttaylor@kgispy.ccsd.uts.edu.au
